MP4, , FrmNum,,,,FrmNumRatio(%),,, FrmSize(Byte),,,, FrmSizeRatio(%),,,AvgSize(Byte),,,,MaxSize(Byte),,,MinSize(Byte),,, Compressed Ratio, , , , Bit Rate(kbps), , , , , , , , Frame PSNR(db), , , , , , , , , , Frame QP, , , , , , , , , ,
MP4, Filesize(MB), All,I,P,B, I, P, B, All, I, P, B, I, P, B, Avg, I, P, B, I, P, B, I, P, B, Avg, I, P, B , avg, avgfps30, 1s, 2s, 3s, 4s, 5s, 6s, Avg, I, P, B, MaxI, MaxP, MaxB, MinI, MinP, MinB, Avg, I, P, B, MaxI, MaxP, MaxB, MinI, MinP, MinB
Apps-Douyin-Muse-01-iphone7:7-Muse.mp4, 3.71, 437, 1, 222, 214, .22, 50.80, 48.97, 3687007, 36948, 2721497, 928562, 1.00, 73.81, 25.18,8437.08, 36948.00, 12258.99, 4339.07, 36948, 22146, 10257, 36948, 1064, 332, 92.16, 21.04, 63.43, 179.20,1647.86, 1978.34, 1954.71, 1694.49, 1729.21, 1679.64, 1692.77, 1644.67, 39.15, 39.24, 38.76, 39.56, 39.24, 40.74, 41.48, 39.24, 32.00, 36.24,23.79, 25.00, 22.99, 24.61, 25.00, 29.00, 32.00, 25.00, 21.00, 23.00
Apps-Douyin-Muse-02-iphone7:7-Muse.mp4, 3.81, 452, 1, 227, 224, .22, 50.22, 49.55, 3785072, 35213, 2749984, 999875, .93, 72.65, 26.41,8374.05, 35213.00, 12114.46, 4463.72, 35213, 18442, 8417, 35213, 1816, 904, 92.85, 22.08, 64.18, 174.20,1635.55, 1963.53, 1899.71, 1669.86, 1722.40, 1678.55, 1674.50, 1608.12, 38.36, 39.71, 37.87, 38.85, 39.71, 41.20, 42.71, 39.71, 30.33, 35.13,24.62, 25.00, 23.67, 25.59, 25.00, 30.00, 33.00, 25.00, 20.00, 23.00
Apps-Douyin-Muse-03-iphone7:7-Muse.mp4, 2.86, 343, 1, 178, 164, .29, 51.89, 47.81, 2842632, 28188, 2156960, 657484, .99, 75.87, 23.12,8287.55, 28188.00, 12117.75, 4009.04, 28188, 25901, 6498, 28188, 2606, 214, 93.82, 27.58, 64.17, 193.96,1618.66, 1942.96, 1929.40, 1639.30, 1701.22, 1640.47, 1670.60, 1618.56, 38.80, 39.26, 38.53, 39.09, 39.26, 41.08, 41.08, 39.26, 33.28, 36.61,23.64, 25.00, 22.78, 24.57, 25.00, 27.00, 29.00, 25.00, 20.00, 23.00
Apps-Douyin-Muse-04-iphone7:7-Muse.mp4, 3.71, 431, 1, 216, 214, .23, 50.11, 49.65, 3693393, 40499, 2800978, 851916, 1.09, 75.83, 23.06,8569.35, 40499.00, 12967.49, 3980.91, 40499, 21691, 6269, 40499, 1266, 919, 90.74, 19.20, 59.96, 195.33,1673.70, 2009.37, 1861.29, 1696.43, 1778.03, 1654.59, 1640.20, 1606.26, 37.09, 39.23, 36.68, 37.50, 39.23, 39.18, 40.31, 39.23, 29.94, 33.81,26.10, 25.00, 25.18, 27.04, 25.00, 31.00, 33.00, 25.00, 22.00, 25.00
Apps-Douyin-Muse-05-iphone7:7-Muse.mp4, 2.85, 339, 1, 170, 168, .29, 50.14, 49.55, 2830065, 27770, 2134711, 667584, .98, 75.42, 23.58,8348.27, 27770.00, 12557.12, 3973.71, 27770, 22122, 6287, 27770, 2989, 1344, 93.14, 28.00, 61.92, 195.68,1630.52, 1956.62, 1807.33, 1651.19, 1681.76, 1651.93, 1669.70, 1636.25, 36.47, 39.16, 36.16, 36.78, 39.16, 39.26, 40.57, 39.16, 33.96, 34.70,26.36, 25.00, 25.44, 27.30, 25.00, 28.00, 30.00, 25.00, 20.00, 24.00
Apps-Douyin-Muse-06-iphone7:7-Muse.mp4, 3.03, 364, 1, 183, 180, .27, 50.27, 49.45, 3010393, 55915, 2277099, 677379, 1.85, 75.64, 22.50,8270.31, 55915.00, 12443.16, 3763.21, 55915, 18480, 6608, 55915, 2276, 1228, 94.02, 13.90, 62.49, 206.63,1615.29, 1938.88, 2039.25, 1774.71, 1716.07, 1655.84, 1697.12, 1689.88, 35.44, 36.24, 35.19, 35.69, 36.24, 39.56, 39.69, 36.24, 31.39, 32.74,27.13, 26.00, 26.02, 28.26, 26.00, 31.00, 33.00, 26.00, 22.00, 23.00
Apps-Douyin-Muse-07-iphone7:7p-Muse.mp4, 2.39, 284, 1, 211, 72, .35, 74.29, 25.35, 2381447, 7401, 2044841, 329205, .31, 85.86, 13.82,8385.37, 7401.00, 9691.18, 4572.29, 7401, 15732, 7844, 7401, 6216, 2900, 92.73, 105.06, 80.23, 170.06,1637.76, 1966.70, 1622.14, 1618.61, 1624.69, 1663.55, 1632.21, 1637.91, 43.00, 43.60, 42.96, 43.10, 43.60, 45.03, 44.86, 43.60, 39.89, 41.38,20.08, 24.00, 19.40, 22.02, 24.00, 22.00, 23.00, 24.00, 17.00, 20.00
Apps-Douyin-Muse-08-iphone7:7p-Muse.mp4, 2.49, 297, 1, 156, 140, .33, 52.52, 47.13, 2480845, 20120, 1735105, 725620, .81, 69.94, 29.24,8353.01, 20120.00, 11122.46, 5183.00, 20120, 18709, 7101, 20120, 4007, 1394, 93.09, 38.64, 69.91, 150.02,1631.44, 1957.73, 1819.45, 1653.91, 1681.21, 1627.84, 1683.17, 1655.78, 41.19, 41.27, 40.81, 41.62, 41.27, 44.16, 43.25, 41.27, 37.65, 39.58,22.02, 24.00, 21.13, 23.00, 24.00, 25.00, 27.00, 24.00, 19.00, 22.00
Apps-Douyin-Muse-09-iphone7:7p-Muse.mp4, 2.38, 284, 1, 145, 138, .35, 51.05, 48.59, 2371545, 19634, 1697044, 654867, .82, 71.55, 27.61,8350.51, 19634.00, 11703.75, 4745.41, 19634, 22247, 8369, 19634, 4110, 850, 93.12, 39.60, 66.44, 163.86,1630.95, 1958.53, 1859.66, 1654.78, 1674.48, 1629.04, 1650.96, 1662.21, 40.81, 40.93, 40.09, 41.56, 40.93, 42.18, 43.43, 40.93, 35.01, 38.89,21.95, 24.00, 20.86, 23.08, 24.00, 25.00, 27.00, 24.00, 19.00, 22.00
Apps-Douyin-Muse-10-iphone7:7p-Muse.mp4, 2.44, 289, 1, 148, 140, .34, 51.21, 48.44, 2425577, 35279, 1838372, 551926, 1.45, 75.79, 22.75,8393.00, 35279.00, 12421.43, 3942.32, 35279, 18076, 6857, 35279, 4656, 1684, 92.64, 22.04, 62.60, 197.24,1639.25, 1967.79, 1854.32, 1690.49, 1738.24, 1673.97, 1671.71, 1654.90, 35.71, 39.59, 35.22, 36.20, 39.59, 38.46, 38.04, 39.59, 31.95, 33.42,27.68, 25.00, 26.62, 28.82, 25.00, 30.00, 32.00, 25.00, 25.00, 27.00
Muse-self-01-iphone7:7-01.mp4, 3.78, 454, 1, 249, 204, .22, 54.84, 44.93, 3753294, 35883, 2921622, 795789, .95, 77.84, 21.20,8267.16, 35883.00, 11733.42, 3900.92, 35883, 22435, 7310, 35883, 1648, 958, 94.05, 21.67, 66.27, 199.33,1614.68, 1938.04, 1751.29, 1678.24, 1741.91, 1748.80, 1690.77, 1668.38, 39.50, 38.79, 39.50, 39.49, 38.79, 44.54, 43.93, 38.79, 31.45, 34.52,23.74, 25.00, 22.70, 25.00, 25.00, 30.00, 33.00, 25.00, 19.00, 20.00
Muse-self-01-iphone7:7-02.mp4, 3.86, 456, 1, 239, 216, .21, 52.41, 47.36, 3832739, 40911, 2983244, 808584, 1.06, 77.83, 21.09,8405.12, 40911.00, 12482.19, 3743.44, 40911, 20434, 6412, 40911, 1823, 1126, 92.51, 19.00, 62.29, 207.72,1641.62, 1969.95, 1817.91, 1602.46, 1738.31, 1671.66, 1718.23, 1662.95, 38.69, 38.17, 38.50, 38.91, 38.17, 43.25, 43.33, 38.17, 31.80, 34.25,24.46, 25.00, 23.37, 25.66, 25.00, 30.00, 32.00, 25.00, 18.00, 21.00
Muse-self-02-iphone7:7-01.mp4, 3.61, 441, 1, 237, 203, .22, 53.74, 46.03, 3573576, 26764, 2726482, 820330, .74, 76.29, 22.95,8103.34, 26764.00, 11504.14, 4041.03, 26764, 16903, 6898, 26764, 2919, 1486, 95.96, 29.05, 67.59, 192.42,1582.68, 1899.22, 1742.78, 1695.83, 1707.87, 1668.58, 1642.75, 1650.74, 38.73, 40.07, 38.48, 39.01, 40.07, 41.63, 40.99, 40.07, 35.36, 36.26,24.02, 25.00, 23.07, 25.13, 25.00, 27.00, 28.00, 25.00, 21.00, 23.00
Muse-self-02-iphone7:7-02.mp4, 3.65, 446, 1, 240, 205, .22, 53.81, 45.96, 3621374, 31655, 2811416, 778303, .87, 77.63, 21.49,8119.67, 31655.00, 11714.23, 3796.60, 31655, 20262, 9352, 31655, 1482, 760, 95.76, 24.56, 66.38, 204.81,1585.87, 1903.90, 1831.84, 1704.52, 1708.07, 1720.19, 1691.69, 1701.35, 38.04, 39.02, 37.85, 38.26, 39.02, 40.77, 41.01, 39.02, 33.07, 34.21,24.75, 25.00, 23.72, 25.95, 25.00, 28.00, 31.00, 25.00, 21.00, 23.00
Muse-self-03-iphone7:7p-01.mp4, 3.94, 469, 2, 243, 224, .42, 51.81, 47.76, 3913220, 41115, 2765357, 1106748, 1.05, 70.66, 28.28,8343.75, 20557.50, 11380.06, 4940.83, 29750, 20093, 9220, 11365, 2954, 2415, 93.19, 37.82, 68.33, 157.38,1629.63, 1955.98, 1724.66, 1590.26, 1650.67, 1634.50, 1664.76, 1614.90, 44.20, 44.89, 43.90, 44.52, 47.10, 47.54, 47.39, 42.69, 38.56, 39.61,19.07, 20.00, 18.08, 20.14, 24.00, 26.00, 25.00, 16.00, 16.00, 18.00
Muse-self-03-iphone7:7p-02.mp4, 3.98, 473, 2, 260, 211, .42, 54.96, 44.60, 3957053, 43104, 2917904, 996045, 1.08, 73.73, 25.17,8365.86, 21552.00, 11222.70, 4720.59, 31347, 17538, 12859, 11757, 3537, 2557, 92.94, 36.08, 69.28, 164.72,1633.95, 1961.57, 1667.78, 1686.53, 1595.64, 1661.59, 1607.97, 1644.52, , , , , 42.53, 46.11, 46.37, 42.53, 37.39, 38.27,17.08, 11.50, 16.61, 17.72, 24.00, 25.00, 25.00, -1.00, -1.00, -1.00
Muse-self-04-iphone7:7p-01.mp4, 2.54, 304, 1, 155, 148, .32, 50.98, 48.68, 2523382, 39244, 1900294, 583844, 1.55, 75.30, 23.13,8300.59, 39244.00, 12259.96, 3944.89, 39244, 18418, 7565, 39244, 4123, 1452, 93.68, 19.81, 63.42, 197.11,1621.21, 1946.09, 1848.33, 1661.96, 1665.04, 1598.93, 1596.47, 1582.31, 37.06, 39.13, 36.58, 37.55, 39.13, 40.15, 40.53, 39.13, 31.62, 33.85,26.48, 25.00, 25.54, 27.47, 25.00, 31.00, 33.00, 25.00, 23.00, 24.00
Muse-self-04-iphone7:7p-02.mp4, 2.51, 303, 1, 152, 150, .33, 50.16, 49.50, 2499490, 40609, 1915990, 542891, 1.62, 76.65, 21.72,8249.14, 40609.00, 12605.19, 3619.27, 40609, 19025, 6680, 40609, 5177, 1295, 94.26, 19.14, 61.68, 214.84,1611.16, 1933.39, 1858.03, 1662.42, 1675.81, 1626.67, 1596.45, 1578.59, 35.55, 38.76, 35.04, 36.04, 38.76, 38.66, 39.25, 38.76, 30.80, 31.73,27.94, 25.00, 26.89, 29.03, 25.00, 31.00, 33.00, 25.00, 24.00, 26.00
